lat;lng;address;full_address;unique_name_eng;category_eng;building_type_eng;architect_1_eng;architect_2_eng;architect_3_eng;architect_4_eng;architect_all_eng;year_start;year_end;year_start_with_minus;year_display_eng;year_start_us_date;notes_eng;source;city;country;link_image;image;is_from_web;source_eng;author;license
56.9499238;24.1018194;Anglikāņu iela 5;Anglikāņu iela 5, Centra rajons, Rīga, LV-1050;;Bourgeois classicism;Portal;Christoph Haberland;;;;Christoph Haberland;1795;1795;-1795;1795;1795-01-01;;Jānis Krastiņš, Rīgas arhitektūras stili (Rīga: Jumava, 2005), 67–68.;Rīga;Latvija;https://raw.githubusercontent.com/Vladusty/riga-classicism-buildings-dataset/main/riga_classicism_buildings_photos/riga_anglikanu-iela-5_classicism.jpg;"<img src = 'https://raw.githubusercontent.com/Vladusty/riga-classicism-buildings-dataset/main/riga_classicism_buildings_photos/riga_anglikanu-iela-5_classicism.jpg'  style='height: 100%; width: 100%; object-fit: contain'/>";FALSE;Personal archive;Vladislavs Babaņins;Creative Commons Attribution 4.0 International (CC BY 4.0)
56.9471238;24.1117706;Audēju iela 8;Audēju iela 8, Centra rajons, Rīga, LV-1050;;Bourgeois classicism;Residential building;Christoph Haberland;;;;Christoph Haberland;1790;1790;-1790;1790;1790-01-01;;Harijs Tumans, Antīkie tēli Rīgas arhitektūrā (Rīga: LU Akadēmiskais apgāds), 73.;Rīga;Latvija;https://raw.githubusercontent.com/Vladusty/riga-classicism-buildings-dataset/main/riga_classicism_buildings_photos/riga_audeju-iela-8_classicism.jpg;"<img src = 'https://raw.githubusercontent.com/Vladusty/riga-classicism-buildings-dataset/main/riga_classicism_buildings_photos/riga_audeju-iela-8_classicism.jpg'  style='height: 100%; width: 100%; object-fit: contain'/>";FALSE;Personal archive;Vladislavs Babaņins;Creative Commons Attribution 4.0 International (CC BY 4.0)
56.9471542;24.1105839;Grēcinieku iela 1;Grēcinieku iela 1, Centra rajons, Rīga, LV-1047;;Bourgeois classicism;Residential building;Christoph Haberland;Andreas Jensens Wagensen;;;Andreas Jensens Wagensen and Christoph Haberland;1779;1779;-1779;1779;1779-01-01;;Jānis Krastiņš, Rīgas arhitektūras stili (Rīga: Jumava, 2005), 68–69.;Rīga;Latvija;https://raw.githubusercontent.com/Vladusty/riga-classicism-buildings-dataset/main/riga_classicism_buildings_photos/riga_grecinieku-iela-1_classicism.jpg;"<img src = 'https://raw.githubusercontent.com/Vladusty/riga-classicism-buildings-dataset/main/riga_classicism_buildings_photos/riga_grecinieku-iela-1_classicism.jpg'  style='height: 100%; width: 100%; object-fit: contain'/>";FALSE;Personal archive;Vladislavs Babaņins;Creative Commons Attribution 4.0 International (CC BY 4.0)
56.9522262;24.1054949;Jēkaba iela 24;Jēkaba iela 24, Centra rajons, Rīga, LV-1050;;Bourgeois classicism;Residential building;Christoph Haberland;;;;Christoph Haberland;1789;1789;-1789;1789;1789-01-01;;https://www.redzet.lv/travel/arhitektura/klasicisms/jekaba-iela-24-riga;Rīga;Latvija;https://raw.githubusercontent.com/Vladusty/riga-classicism-buildings-dataset/main/riga_classicism_buildings_photos/riga_jekaba-iela-24_classicism.jpg;"<img src = 'https://raw.githubusercontent.com/Vladusty/riga-classicism-buildings-dataset/main/riga_classicism_buildings_photos/riga_jekaba-iela-24_classicism.jpg'  style='height: 100%; width: 100%; object-fit: contain'/>";FALSE;Personal archive;Vladislavs Babaņins;Creative Commons Attribution 4.0 International (CC BY 4.0)
56.9485403;24.1094734;Kalēju iela 3;Kalēju iela 3, Centra rajons, Rīga, LV-1050;;Bourgeois classicism;Residential building;Unknown;;;;Unknown;;;;Unknown;;;https://www.redzet.lv/info/Klasicisms;Rīga;Latvija;;;;;;
56.9499542;24.1033169;Miesnieku iela 1;Miesnieku iela 1, Centra rajons, Rīga, LV-1050;;Bourgeois classicism;Residential building;Christoph Haberland;;;;Christoph Haberland;1779;1779;-1779;1779;1779-01-01;;https://www.redzet.lv/info/Miesnieku_iela_1,_R%C4%ABga;Rīga;Latvija;https://raw.githubusercontent.com/Vladusty/riga-classicism-buildings-dataset/main/riga_classicism_buildings_photos/riga_miesnieku-iela-1_classicism.jpg;"<img src = 'https://raw.githubusercontent.com/Vladusty/riga-classicism-buildings-dataset/main/riga_classicism_buildings_photos/riga_miesnieku-iela-1_classicism.jpg'  style='height: 100%; width: 100%; object-fit: contain'/>";FALSE;Personal archive;Vladislavs Babaņins;Creative Commons Attribution 4.0 International (CC BY 4.0)
56.9504073;24.1022128;Pils iela 6;Pils iela 6, Centra rajons, Rīga, LV-1050;;Bourgeois classicism;Residential building;Christoph Haberland;;;;Christoph Haberland;1795;1795;-1795;1795;1795-01-01;;Jānis Krastiņš, Rīgas arhitektūras stili (Rīga: Jumava, 2005), 67.;Rīga;Latvija;https://raw.githubusercontent.com/Vladusty/riga-classicism-buildings-dataset/main/riga_classicism_buildings_photos/riga_pils-iela-6_classicism.jpg;"<img src = 'https://raw.githubusercontent.com/Vladusty/riga-classicism-buildings-dataset/main/riga_classicism_buildings_photos/riga_pils-iela-6_classicism.jpg'  style='height: 100%; width: 100%; object-fit: contain'/>";FALSE;Personal archive;Vladislavs Babaņins;Creative Commons Attribution 4.0 International (CC BY 4.0)
56.9501417;24.1022316;Pils iela 9;Pils iela 9, Centra rajons, Rīga, LV-1050;;Bourgeois classicism;Residential building;Johann Heinrich Krämer;Christoph Haberland;;;Johann Heinrich Krämer and Christoph Haberland;1793;1793;-1793;1793;1793-01-01;;Jānis Krastiņš, Rīgas arhitektūras stili (Rīga: Jumava, 2005), 67.;Rīga;Latvija;https://raw.githubusercontent.com/Vladusty/riga-classicism-buildings-dataset/main/riga_classicism_buildings_photos/riga_pils-iela-9_classicism.jpg;"<img src = 'https://raw.githubusercontent.com/Vladusty/riga-classicism-buildings-dataset/main/riga_classicism_buildings_photos/riga_pils-iela-9_classicism.jpg'  style='height: 100%; width: 100%; object-fit: contain'/>";FALSE;Personal archive;Vladislavs Babaņins;Creative Commons Attribution 4.0 International (CC BY 4.0)
56.9506653;24.1080951;Smilšu iela 5;Smilšu iela 5, Centra rajons, Rīga, LV-1050;;Bourgeois classicism;Residential building;Christoph Haberland;;;;Christoph Haberland;1794;1794;-1794;1794;1794-01-01;;Jānis Krastiņš, Rīgas arhitektūras stili (Rīga: Jumava, 2005), 67.;Rīga;Latvija;https://raw.githubusercontent.com/Vladusty/riga-classicism-buildings-dataset/main/riga_classicism_buildings_photos/riga_smilsu-iela-5_classicism.jpg;"<img src = 'https://raw.githubusercontent.com/Vladusty/riga-classicism-buildings-dataset/main/riga_classicism_buildings_photos/riga_smilsu-iela-5_classicism.jpg'  style='height: 100%; width: 100%; object-fit: contain'/>";FALSE;Personal archive;Vladislavs Babaņins;Creative Commons Attribution 4.0 International (CC BY 4.0)
56.9483852;24.1118655;Teātra iela 6;Teātra iela 6, Centra rajons, Rīga, LV-1050;;Bourgeois classicism;Residential building;Christoph Haberland;;;;Christoph Haberland;1785;1785;-1785;1785;1785-01-01;The building belonged to Christoph Haberland. Only the elaborately decorated façades have been preserved in their original form.;Jānis Krastiņš, Rīgas arhitektūras stili (Rīga: Jumava, 2005), 67.;Rīga;Latvija;https://raw.githubusercontent.com/Vladusty/riga-classicism-buildings-dataset/main/riga_classicism_buildings_photos/riga_teatra-iela-6_classicism.jpg;"<img src = 'https://raw.githubusercontent.com/Vladusty/riga-classicism-buildings-dataset/main/riga_classicism_buildings_photos/riga_teatra-iela-6_classicism.jpg'  style='height: 100%; width: 100%; object-fit: contain'/>";FALSE;Personal archive;Vladislavs Babaņins;Creative Commons Attribution 4.0 International (CC BY 4.0)
56.9462289;24.1117086;Vecpilsētas iela 17;Vecpilsētas iela 17, Centra rajons, Rīga, LV-1050;;Bourgeois classicism;Residential building;Christoph Haberland;;;;Christoph Haberland;1787;1788;-1787;1787–1788;1787-01-01;;Jānis Krastiņš, Rīgas arhitektūras stili (Rīga: Jumava, 2005), 67.;Rīga;Latvija;https://raw.githubusercontent.com/Vladusty/riga-classicism-buildings-dataset/main/riga_classicism_buildings_photos/riga_vecpilsetas-iela-17_classicism.jpg;"<img src = 'https://raw.githubusercontent.com/Vladusty/riga-classicism-buildings-dataset/main/riga_classicism_buildings_photos/riga_vecpilsetas-iela-17_classicism.jpg'  style='height: 100%; width: 100%; object-fit: contain'/>";FALSE;Personal archive;Vladislavs Babaņins;Creative Commons Attribution 4.0 International (CC BY 4.0)
56.9495075;24.1068108;Šķūņu iela 17;Šķūņu iela 17, Centra rajons, Rīga, LV-1050;;Bourgeois classicism;Residential building;Christoph Haberland;;;;Christoph Haberland;1787;1794;-1787;1787–1794;1787-01-01;Hollander's houses at Šķūņu iela 17/19. Oval Hall in the Hollander's house at Šķūņu iela 17/19 (1787). Several luxurious interiors, doors, and ceiling paintings from the Classicism era are still visible in the buildings. The oval dining hall on the second floor was restored in 1959 and again from 1975 to 1977. The buildings now house shops, a library, and offices.;Jānis Krastiņš, Rīgas arhitektūras stili (Rīga: Jumava, 2005), 65.;Rīga;Latvija;https://raw.githubusercontent.com/Vladusty/riga-classicism-buildings-dataset/main/riga_classicism_buildings_photos/riga_skunu-iela-17_classicism.jpg;"<img src = 'https://raw.githubusercontent.com/Vladusty/riga-classicism-buildings-dataset/main/riga_classicism_buildings_photos/riga_skunu-iela-17_classicism.jpg'  style='height: 100%; width: 100%; object-fit: contain'/>";FALSE;Personal archive;Vladislavs Babaņins;Creative Commons Attribution 4.0 International (CC BY 4.0)
56.9495504;24.1067364;Šķūņu iela 19;Šķūņu iela 19, Centra rajons, Rīga, LV-1050;;Bourgeois classicism;Residential building;Christoph Haberland;;;;Christoph Haberland;1787;1787;-1787;1787;1787-01-01;Hollander's houses at Šķūņu iela 17/19. Oval Hall in the Hollander's house at Šķūņu iela 17/19 (1787). Several luxurious interiors, doors, and ceiling paintings from the Classicism era are still visible in the buildings. The oval dining hall on the second floor was restored in 1959 and again from 1975 to 1977. The buildings now house shops, a library, and offices.;Jānis Krastiņš, Rīgas arhitektūras stili (Rīga: Jumava, 2005), 65.;Rīga;Latvija;https://raw.githubusercontent.com/Vladusty/riga-classicism-buildings-dataset/main/riga_classicism_buildings_photos/riga_skunu-iela-19_classicism.jpg;"<img src = 'https://raw.githubusercontent.com/Vladusty/riga-classicism-buildings-dataset/main/riga_classicism_buildings_photos/riga_skunu-iela-19_classicism.jpg'  style='height: 100%; width: 100%; object-fit: contain'/>";FALSE;Personal archive;Vladislavs Babaņins;Creative Commons Attribution 4.0 International (CC BY 4.0)
56.9499267;24.1092808;Zirgu iela 14;Zirgu iela 14, Centra rajons, Rīga, LV-1050;;Bourgeois classicism;Residential building;Christoph Haberland;;;;Christoph Haberland;1788;1788;-1788;1788;1788-01-01;;https://wikimapia.org/15169690/lv/Zirgu-iela-14 un https://www.redzet.lv/info/Klasicisms;Rīga;Latvija;https://raw.githubusercontent.com/Vladusty/riga-classicism-buildings-dataset/main/riga_classicism_buildings_photos/riga_zirgu-iela-14_classicism.jpg;"<img src = 'https://raw.githubusercontent.com/Vladusty/riga-classicism-buildings-dataset/main/riga_classicism_buildings_photos/riga_zirgu-iela-14_classicism.jpg'  style='height: 100%; width: 100%; object-fit: contain'/>";FALSE;Personal archive;Vladislavs Babaņins;Creative Commons Attribution 4.0 International (CC BY 4.0)
57.4251941;27.0485612;Pils iela 25;Pils iela 25, Alūksne, Alūksne pilsēta, Alūksnes novads, LV-4301;Alūksne Evangelical Lutheran Church;Evangelical churches  ;Church;Christoph Haberland;;;;Christoph Haberland;1788;1788;-1788;1788;1788-01-01;;Jānis Krastiņš, Rīgas arhitektūras stili (Rīga: Jumava, 2005), 65. un https://kulturaskanons.lv/archive/kristofs-haberlands/;Alūksne;Latvija;https://raw.githubusercontent.com/Vladusty/riga-classicism-buildings-dataset/main/riga_classicism_buildings_photos/aluksne_pils-iela-25_classicism_web.jpg;"<img src = 'https://raw.githubusercontent.com/Vladusty/riga-classicism-buildings-dataset/main/riga_classicism_buildings_photos/aluksne_pils-iela-25_classicism_web.jpg'  style='height: 100%; width: 100%; object-fit: contain'/>";FALSE;Personal archive;Vladislavs Babaņins;Creative Commons Attribution 4.0 International (CC BY 4.0)
56.9561061;24.1212739;Brīvības iela 56;Brīvības iela 56, Centra rajons, Rīga, LV-1010;St. Alexander Nevsky Church;Orthodox churches ;Church;Christian Friedrich Breitkreutz (?);;;;Christian Friedrich Breitkreutz (?);1825;1825;-1825;1825;1825-01-01;;Jānis Krastiņš, Rīgas arhitektūras stili (Rīga: Jumava, 2005), 75.;Rīga;Latvija;https://raw.githubusercontent.com/Vladusty/riga-classicism-buildings-dataset/main/riga_classicism_buildings_photos/riga_brivibas-iela-56_classicism.jpg;"<img src = 'https://raw.githubusercontent.com/Vladusty/riga-classicism-buildings-dataset/main/riga_classicism_buildings_photos/riga_brivibas-iela-56_classicism.jpg'  style='height: 100%; width: 100%; object-fit: contain'/>";FALSE;Personal archive;Vladislavs Babaņins;Creative Commons Attribution 4.0 International (CC BY 4.0)
56.9550774;24.1009927;Citadeles iela 7;Citadeles iela 7, Centra rajons, Rīga, LV-1010;St. Peter and St. Paul Church;Orthodox churches ;Church;Sigismund Sege von Laurenberg;;;;Sigismund Sege von Laurenberg;1785;1785;-1785;1785;1785-01-01;"Until 1886, the building served as an Orthodox cathedral; afterward, it was handed over to the Estonian congregation. It was restored in 1987 and converted into the Ave Sol concert hall. The work was supervised by Christoph Haberland.";Jānis Krastiņš, Rīgas arhitektūras stili (Rīga: Jumava, 2005), 65.;Rīga;Latvija;https://raw.githubusercontent.com/Vladusty/riga-classicism-buildings-dataset/main/riga_classicism_buildings_photos/riga_citadeles-iela-7_classicism.jpg;"<img src = 'https://raw.githubusercontent.com/Vladusty/riga-classicism-buildings-dataset/main/riga_classicism_buildings_photos/riga_citadeles-iela-7_classicism.jpg'  style='height: 100%; width: 100%; object-fit: contain'/>";FALSE;Personal archive;Vladislavs Babaņins;Creative Commons Attribution 4.0 International (CC BY 4.0)
56.9415566;24.123625;Elijas iela 18;Elijas iela 18, Latgales priekšpilsēta, Rīga, LV-1050;Evangelical Lutheran Church of Jesus;Evangelical churches  ;Church;Christian Friedrich Breitkreutz;Johann Peter Krik;J. D. Gottfried;;Christian Friedrich Breitkreutz, Johann Peter Krik, J. D. Gottfried;1822;1822;-1822;1822;1822-01-01;One of the largest (or the largest) wooden buildings in Latvia.;Jānis Krastiņš, Rīgas arhitektūras stili (Rīga: Jumava, 2005), 68.;Rīga;Latvija;https://raw.githubusercontent.com/Vladusty/riga-classicism-buildings-dataset/main/riga_classicism_buildings_photos/riga_elijas-iela-18_classicism.jpg;"<img src = 'https://raw.githubusercontent.com/Vladusty/riga-classicism-buildings-dataset/main/riga_classicism_buildings_photos/riga_elijas-iela-18_classicism.jpg'  style='height: 100%; width: 100%; object-fit: contain'/>";FALSE;Personal archive;Vladislavs Babaņins;Creative Commons Attribution 4.0 International (CC BY 4.0)
56.9439352;24.1231782;Emīlijas Benjamiņas iela 9 (former Gogoļa iela 9);Emīlijas Benjamiņas iela 9, Latgales priekšpilsēta, Rīga, LV-1050;Annunciation of Our Most Holy Lady Church;Orthodox churches ;Church;Theodor Gottfried Schulz;;;;Theodor Gottfried Schulz;1818;1818;-1818;1818;1818-01-01;;Jānis Krastiņš, Rīgas arhitektūras stili (Rīga: Jumava, 2005), 74.;Rīga;Latvija;https://raw.githubusercontent.com/Vladusty/riga-classicism-buildings-dataset/main/riga_classicism_buildings_photos/riga_emilijas-benjaminas-iela-9_classicism.jpg;"<img src = 'https://raw.githubusercontent.com/Vladusty/riga-classicism-buildings-dataset/main/riga_classicism_buildings_photos/riga_emilijas-benjaminas-iela-9_classicism.jpg'  style='height: 100%; width: 100%; object-fit: contain'/>";FALSE;Personal archive;Vladislavs Babaņins;Creative Commons Attribution 4.0 International (CC BY 4.0)
56.8993008;24.1723252;"""Ticības"", Ķekavas pagasts, LV-2111";Ticības, Ķekavas pagasts, LV-2111;Katlakalns’ Evangelical Lutheran Church;Evangelical churches  ;Church;Christoph Haberland;;;;Christoph Haberland;1794;1794;-1794;1794;1794-01-01;;Jānis Krastiņš, Rīgas arhitektūras stili (Rīga: Jumava, 2005), 68.;Katlakalns;Latvija;https://raw.githubusercontent.com/Vladusty/riga-classicism-buildings-dataset/main/riga_classicism_buildings_photos/riga_katlakalna-evangeliski-luteriska-baznica_classicism_web.jpg;"<img src = 'https://raw.githubusercontent.com/Vladusty/riga-classicism-buildings-dataset/main/riga_classicism_buildings_photos/riga_katlakalna-evangeliski-luteriska-baznica_classicism_web.jpg'  style='height: 100%; width: 100%; object-fit: contain'/>";TRUE;https://commons.wikimedia.org/wiki/File:Katlakalna_bazn%C4%ABca_pie_R%C4%ABgas_2000-03-05.jpg;J. Sedols;Creative Commons Attribution 3.0 Unported
56.9053063;24.9292542;„Luterāņu baznīca”, Suntaži, LV-5060;Suntaži, Suntažu pagasts, Ogres novads, LV-5060;Valga St. John’s Church;Evangelical churches  ;Church;Christoph Haberland;;;;Christoph Haberland;1782;1782;-1782;1782;1782-01-01;;Jānis Krastiņš, Rīgas arhitektūras stili (Rīga: Jumava, 2005), 68.;Suntaži;Latvija;https://raw.githubusercontent.com/Vladusty/riga-classicism-buildings-dataset/main/riga_classicism_buildings_photos/suntazi_suntuzu-evangeliski-luteriska-baznica_classicism_web.jpg;"<img src = 'https://raw.githubusercontent.com/Vladusty/riga-classicism-buildings-dataset/main/riga_classicism_buildings_photos/suntazi_suntuzu-evangeliski-luteriska-baznica_classicism_web.jpg'  style='height: 100%; width: 100%; object-fit: contain'/>";TRUE;https://commons.wikimedia.org/wiki/File:%D0%A1%D1%83%D0%BD%D1%82%D0%B0%D0%B6%D1%81%D0%BA%D0%B0%D1%8F_%D1%86%D0%B5%D1%80%D0%BA%D0%BE%D0%B2%D1%8C.jpg;anakes;Creative Commons Attribution 3.0 Unported
57.7769126;26.0308374;Kesk tn 21;Kesk tn 21, Valga, 68203 Valga maakond, Estonia;;Evangelical churches  ;Church;Christoph Haberland;;;;Christoph Haberland;1785;1785;-1785;1785;1785-01-01;;Skaidrīte Cielava [Zvanere-Zvanītāja], Arhitektūras stili Latvijā (Rīga: Mācību apgāds NT, 1998), 49.;Valga;Igaunija;https://raw.githubusercontent.com/Vladusty/riga-classicism-buildings-dataset/main/riga_classicism_buildings_photos/valga_kesk-tn-21_classicism_web.jpg;"<img src = 'https://raw.githubusercontent.com/Vladusty/riga-classicism-buildings-dataset/main/riga_classicism_buildings_photos/valga_kesk-tn-21_classicism_web.jpg'  style='height: 100%; width: 100%; object-fit: contain'/>";TRUE;https://commons.wikimedia.org/wiki/File:Valga_Jaani_kirik_vaade_platsi_poolt._(2).jpg;Jyriorel;Creative Commons Attribution-Share Alike 4.0 International
56.9567846;24.119961;Baznīcas iela 14;Baznīcas iela 14, Centra rajons, Rīga, LV-1010;;Wooden buildings ;Residential building;Unknown;;;;Unknown;1899;1899;-1899;1899;1899-01-01;;Jānis Krastiņš, Rīgas arhitektūras stili (Rīga: Jumava, 2005), 70–71. un https://www.nkmp.gov.lv/sites/nkmp/files/data_content/arhitekturas_stili_latvija1.pdf;Rīga;Latvija;https://raw.githubusercontent.com/Vladusty/riga-classicism-buildings-dataset/main/riga_classicism_buildings_photos/riga_baznicas-iela-14_classicism.jpg;"<img src = 'https://raw.githubusercontent.com/Vladusty/riga-classicism-buildings-dataset/main/riga_classicism_buildings_photos/riga_baznicas-iela-14_classicism.jpg'  style='height: 100%; width: 100%; object-fit: contain'/>";FALSE;Personal archive;Vladislavs Babaņins;Creative Commons Attribution 4.0 International (CC BY 4.0)
56.9536635;24.1233805;Blaumaņa iela 20;Blaumaņa iela 20, Centra rajons, Rīga, LV-1011;;Wooden buildings ;Residential building;Unknown;;;;Unknown;1801;1833;-1801;first third of the 19th century;1801-01-01;BUILDING DEMOLISHED.;Jānis Krastiņš, Rīgas arhitektūras stili (Rīga: Jumava, 2005), 71.;Rīga;Latvija;;;;;;
56.9502176 ;24.1220020 ;Elizabetes iela 83a;Elizabetes iela 83a, Centra rajons, Rīga, LV-1050;;Wooden buildings ;Residential building;Unknown;;;;Unknown;1801;1833;-1801;first third of the 19th century;1801-01-01;;Jānis Krastiņš, Rīgas arhitektūras stili (Rīga: Jumava, 2005), 70.;Rīga;Latvija;https://raw.githubusercontent.com/Vladusty/riga-classicism-buildings-dataset/main/riga_classicism_buildings_photos/riga_elizabetes-iela-83a_classicism.jpg;"<img src = 'https://raw.githubusercontent.com/Vladusty/riga-classicism-buildings-dataset/main/riga_classicism_buildings_photos/riga_elizabetes-iela-83a_classicism.jpg'  style='height: 100%; width: 100%; object-fit: contain'/>";FALSE;Personal archive;Vladislavs Babaņins;Creative Commons Attribution 4.0 International (CC BY 4.0)
56.9411074;24.1226419;Jēzusbaznīcas iela 7/9;Jēzusbaznīcas iela 7/9, Latgales priekšpilsēta, Rīga, LV-1050;;Wooden buildings ;Residential building;Unknown;;;;Unknown;1801;1833;-1801;first third of the 19th century;1801-01-01;;Jānis Krastiņš, Rīgas arhitektūras stili (Rīga: Jumava, 2005), 71.;Rīga;Latvija;https://raw.githubusercontent.com/Vladusty/riga-classicism-buildings-dataset/main/riga_classicism_buildings_photos/riga_jezusbaznicas-iela-7_classicism.jpg;"<img src = 'https://raw.githubusercontent.com/Vladusty/riga-classicism-buildings-dataset/main/riga_classicism_buildings_photos/riga_jezusbaznicas-iela-7_classicism.jpg'  style='height: 100%; width: 100%; object-fit: contain'/>";FALSE;Personal archive;Vladislavs Babaņins;Creative Commons Attribution 4.0 International (CC BY 4.0)
56.958733;24.11734;Krišjāņa Valdemāra iela 41;Krišjāņa Valdemāra iela 41, Centra rajons, Rīga, LV-1010;;Wooden buildings ;Residential building;Unknown;;;;Unknown;1801;1833;-1801;first third of the 19th century;1801-01-01;;Jānis Krastiņš, Rīgas arhitektūras stili (Rīga: Jumava, 2005), 70.;Rīga;Latvija;https://raw.githubusercontent.com/Vladusty/riga-classicism-buildings-dataset/main/riga_classicism_buildings_photos/riga_krisjana-valdemara-iela-41_classicism.jpg;"<img src = 'https://raw.githubusercontent.com/Vladusty/riga-classicism-buildings-dataset/main/riga_classicism_buildings_photos/riga_krisjana-valdemara-iela-41_classicism.jpg'  style='height: 100%; width: 100%; object-fit: contain'/>";FALSE;Personal archive;Vladislavs Babaņins;Creative Commons Attribution 4.0 International (CC BY 4.0)
56.95888;24.117698;Krišjāņa Valdemāra iela 43;Krišjāņa Valdemāra iela 43, Centra rajons, Rīga, LV-1010;;Wooden buildings ;Residential building;Unknown;;;;Unknown;1801;1833;-1801;first third of the 19th century;1801-01-01;;Jānis Krastiņš, Rīgas arhitektūras stili (Rīga: Jumava, 2005), 70.;Rīga;Latvija;https://raw.githubusercontent.com/Vladusty/riga-classicism-buildings-dataset/main/riga_classicism_buildings_photos/riga_krisjana-valdemara-iela-43_classicism.jpg;"<img src = 'https://raw.githubusercontent.com/Vladusty/riga-classicism-buildings-dataset/main/riga_classicism_buildings_photos/riga_krisjana-valdemara-iela-43_classicism.jpg'  style='height: 100%; width: 100%; object-fit: contain'/>";FALSE;Personal archive;Vladislavs Babaņins;Creative Commons Attribution 4.0 International (CC BY 4.0)
56.9564813;24.1206885;Lāčplēša iela 12;Lāčplēša iela 12, Centra rajons, Rīga, LV-1010;;Wooden buildings ;Residential building;Unknown;;;;Unknown;1801;1833;-1801;first third of the 19th century;1801-01-01;;Jānis Krastiņš, Rīgas arhitektūras stili (Rīga: Jumava, 2005), 70.;Rīga;Latvija;https://raw.githubusercontent.com/Vladusty/riga-classicism-buildings-dataset/main/riga_classicism_buildings_photos/riga_lacplesa-iela-12_classicism.jpg;"<img src = 'https://raw.githubusercontent.com/Vladusty/riga-classicism-buildings-dataset/main/riga_classicism_buildings_photos/riga_lacplesa-iela-12_classicism.jpg'  style='height: 100%; width: 100%; object-fit: contain'/>";FALSE;Personal archive;Vladislavs Babaņins;Creative Commons Attribution 4.0 International (CC BY 4.0)
56.9566288;24.1204666;Lāčplēša iela 10;Lāčplēša iela 10, Centra rajons, Rīga, LV-1010;;Wooden buildings ;Residential building;Unknown;;;;Unknown;1801;1833;-1801;first third of the 19th century;1801-01-01;;Jānis Krastiņš, Rīgas arhitektūras stili (Rīga: Jumava, 2005), 70.;Rīga;Latvija;https://raw.githubusercontent.com/Vladusty/riga-classicism-buildings-dataset/main/riga_classicism_buildings_photos/riga_lacplesa-iela-10_classicism.jpg;"<img src = 'https://raw.githubusercontent.com/Vladusty/riga-classicism-buildings-dataset/main/riga_classicism_buildings_photos/riga_lacplesa-iela-10_classicism.jpg'  style='height: 100%; width: 100%; object-fit: contain'/>";FALSE;Personal archive;Vladislavs Babaņins;Creative Commons Attribution 4.0 International (CC BY 4.0)
56.9626258;24.0993744;Hanzas iela;Hanzas iela, Centra rajons, Rīga, LV-1010;Alexander Gate (Alexander Triumphal Arch) ;Triumphal arch;Triumphal arch;Johann Daniel Gottfried;;;;Built under the supervision of Johann Daniel Gottfried but the author of the project unknown;1817;1817;-1817;1817;1817-01-01;Initially, the gate was located at the Riga city border on the Petersburg Road, approximately where the Gaisa Bridge on Brīvības Street is now. In 1904, it was moved further—around Šmerlis Street—but in 1936, it was relocated to its current location.;Jānis Krastiņš, Rīgas arhitektūras stili (Rīga: Jumava, 2005), 72.;Rīga;Latvija;https://raw.githubusercontent.com/Vladusty/riga-classicism-buildings-dataset/main/riga_classicism_buildings_photos/riga_aleksandra-varti_classicism.jpg;"<img src = 'https://raw.githubusercontent.com/Vladusty/riga-classicism-buildings-dataset/main/riga_classicism_buildings_photos/riga_aleksandra-varti_classicism.jpg'  style='height: 100%; width: 100%; object-fit: contain'/>";FALSE;Personal archive;Vladislavs Babaņins;Creative Commons Attribution 4.0 International (CC BY 4.0)
56.9493737;24.1137698;Aspazijas bulvāris 3;Aspazijas bulvāris 3, Centra rajons, Rīga, LV-1050;Opera House* ;Public buildings;Opera;Ludwig Bohnstedt;Heinrich Scheel;Friedrich Hess;;Ludwig Bohnstedt, Heinrich Scheel, Friedrich Hess;1863;1863;-1863;1863;1863-01-01;* An eclectic building designed in the expression of Classicism. The architectural scholar, Professor Jānis Krastiņš, has expressed the view that the building’s style can also be described as very late Classicism.;Harijs Tumans, Antīkie tēli Rīgas ielās (Rīga: Latvijas Universitāte, 2022), 72.;Rīga;Latvija;https://raw.githubusercontent.com/Vladusty/riga-classicism-buildings-dataset/main/riga_classicism_buildings_photos/riga_aspazijas-bulvaris-3_classicism.jpg;"<img src = 'https://raw.githubusercontent.com/Vladusty/riga-classicism-buildings-dataset/main/riga_classicism_buildings_photos/riga_aspazijas-bulvaris-3_classicism.jpg'  style='height: 100%; width: 100%; object-fit: contain'/>";FALSE;Personal archive;Vladislavs Babaņins;Creative Commons Attribution 4.0 International (CC BY 4.0)
56.91473;24.1402765;Bauskas iela 147a;Bišumuiža, Zemgale Suburb, Riga, Latvia;Bišumuiža Manor ;Manor houses;Manor;Unknown;;;;Unknown;1816;1816;-1816;1816;1816-01-01;;Jānis Krastiņš, Rīgas arhitektūras stili (Rīga: Jumava, 2005), 72–73.;Rīga;Latvija;https://raw.githubusercontent.com/Vladusty/riga-classicism-buildings-dataset/main/riga_classicism_buildings_photos/riga_bauskas-iela-147a_classicism_web.jpg;"<img src = 'https://raw.githubusercontent.com/Vladusty/riga-classicism-buildings-dataset/main/riga_classicism_buildings_photos/riga_bauskas-iela-147a_classicism_web.jpg'  style='height: 100%; width: 100%; object-fit: contain'/>";TRUE;https://commons.wikimedia.org/wiki/File:Bisumuiza.jpg;Jānis U.;Creative Commons Attribution 3.0 Unported
56.4286731;23.701449;Elejas pagasts, Jelgavas novads, LV-3023;Elejas pagasts, Jelgavas novads, LV-3023;Eleja manor house ;Manor houses;Manor;Johann Georg Adam Berlitz;;;;Johann Georg Adam Berlitz;1810;1810;-1810;1810;1810-01-01;Based on Giacomo Quarenghi’s designs for Mežotne Palace. ;Skaidrīte Cielava [Zvanere-Zvanītāja], Arhitektūras stili Latvijā (Rīga: Mācību apgāds NT, 1998), 51.;Eleja;Latvija;https://raw.githubusercontent.com/Vladusty/riga-classicism-buildings-dataset/main/riga_classicism_buildings_photos/eleja_elejas-pils_classicism_web.jpg;"<img src = 'https://raw.githubusercontent.com/Vladusty/riga-classicism-buildings-dataset/main/riga_classicism_buildings_photos/eleja_elejas-pils_classicism_web.jpg'  style='height: 100%; width: 100%; object-fit: contain'/>";TRUE;https://commons.wikimedia.org/wiki/File:Elejas_mui%C5%BEas_pils_drupas_2000-10-06.jpg;J. Sedols;Creative Commons Attribution 3.0 Unported
56.9776238;24.1418296;Hospitāļu iela 55;Hospitāļu iela 55, Vidzemes priekšpilsēta, Rīga, LV-1013;Military Hospital ;Public buildings;Hospital;Fyodor Demertsov;Alexander Staubert;Johann Eduard de Witte;;Fjodors Demercovs, Aleksandrs Štauberts, Johans Eduards de Vite;1810;1835;-1810;1810/1829–1835;1810-01-01;It is the oldest masonry building in today’s central part of Riga outside the Old Town, as the territory of the former suburbs allowed only wooden buildings to be constructed until 1858. The hospital is located far enough from Vecrīga (the Inner City), beyond the boundaries of the then masonry-building prohibition.;Jānis Krastiņš, Rīgas arhitektūras stili (Rīga: Jumava, 2005), 76.;Rīga;Latvija;;;;;;
56.7340836;21.7327322;Jaunatnes gatve 1;Jaunatnes gatve 1, Kazdanga, Kazdangas pagasts, Dienvidkurzemes novads, LV-3457;Kazdanga Palace ;Manor houses;Manor;Johann Georg Adam Berlitz;;;;Johann Georg Adam Berlitz;1804;1804;-1804;1804;1804-01-01;;Skaidrīte Cielava [Zvanere-Zvanītāja], Arhitektūras stili Latvijā (Rīga: Mācību apgāds NT, 1998), 51.;Kazdanga;Latvija;https://raw.githubusercontent.com/Vladusty/riga-classicism-buildings-dataset/main/riga_classicism_buildings_photos/kazdanga_jaunatnes-gatve-1_classicism_web.jpg;"<img src = 'https://raw.githubusercontent.com/Vladusty/riga-classicism-buildings-dataset/main/riga_classicism_buildings_photos/kazdanga_jaunatnes-gatve-1_classicism_web.jpg'  style='height: 100%; width: 100%; object-fit: contain'/>";TRUE;https://commons.wikimedia.org/wiki/File:Kazdangas_pils.JPG;Semigall;Public domain
56.9519425;24.1303242;Lāčplēša iela 55;Lāčplēša iela 55, Latgales priekšpilsēta, Rīga, LV-1011;Russian Children’s School ;Public buildings;School;Christian Friedrich Breitkreutz ;;;;Christian Friedrich Breitkreutz ;1821;1821;-1821;1821;1821-01-01;;Harijs Tumans, Antīkie tēli Rīgas ielās (Rīga: Latvijas Universitāte, 2022), 74.;Rīga;Latvija;https://raw.githubusercontent.com/Vladusty/riga-classicism-buildings-dataset/main/riga_classicism_buildings_photos/riga_lacplesa-iela-55_classicism.jpg;"<img src = 'https://raw.githubusercontent.com/Vladusty/riga-classicism-buildings-dataset/main/riga_classicism_buildings_photos/riga_lacplesa-iela-55_classicism.jpg'  style='height: 100%; width: 100%; object-fit: contain'/>";FALSE;Personal archive;Vladislavs Babaņins;Creative Commons Attribution 4.0 International (CC BY 4.0)
56.4383;24.053;Mežotnes muiža;Mežotnes muiža, Mežotne, Mežotnes pagasts, Bauskas novads, LV-3918;Mežotne Palace ;Manor houses;Manor;Johann Georg Adam Berlitz ;;;;Johann Georg Adam Berlitz ;1802;1802;-1802;1802;1802-01-01;Built by Johann Georg Adam Berlitz after a design by Giacomo Quarenghi.;Skaidrīte Cielava [Zvanere-Zvanītāja], Arhitektūras stili Latvijā (Rīga: Mācību apgāds NT, 1998), 52.;Mežotne;Latvija;https://raw.githubusercontent.com/Vladusty/riga-classicism-buildings-dataset/main/riga_classicism_buildings_photos/mezotne_mezotnes-pils_classicism_web.jpg;"<img src = 'https://raw.githubusercontent.com/Vladusty/riga-classicism-buildings-dataset/main/riga_classicism_buildings_photos/mezotne_mezotnes-pils_classicism_web.jpg'  style='height: 100%; width: 100%; object-fit: contain'/>";TRUE;https://commons.wikimedia.org/wiki/File:Mezotne_garden_side_2014_(4).JPG;Gryffindor;Creative Commons Attribution-Share Alike 4.0 International
56.9485337;24.1041613;Palasta iela 4;Rīgas Doms, Palasta iela 4, Centra rajons, Rīga, LV-1050;New Hall of the Riga City Library in the Riga Dome complex ;Public buildings;Hall;Christoph Haberland;;;;Christoph Haberland;1778;1778;-1778;1778;1778-01-01;Christoph Haberland built a new hall for the Riga City Library in the Riga Cathedral complex—today, the Museum of the History of Riga and Navigation is located there.;Jānis Krastiņš, Rīgas arhitektūras stili (Rīga: Jumava, 2005), 67.;Rīga;Latvija;https://raw.githubusercontent.com/Vladusty/riga-classicism-buildings-dataset/main/riga_classicism_buildings_photos/riga_palasta-iela-4_zale_classicism_web.jpg;"<img src = 'https://raw.githubusercontent.com/Vladusty/riga-classicism-buildings-dataset/main/riga_classicism_buildings_photos/riga_palasta-iela-4_zale_classicism_web.jpg'  style='height: 100%; width: 100%; object-fit: contain'/>";;;;
56.9501982;24.1033717;Pils iela 14;Pils iela 14, Centra rajons, Rīga, LV-1050;;Public buildings;Portal;Unknown;;;;Unknown;1775;1800;-1775;late 18th century ;1775-01-01;;Jānis Krastiņš, Rīgas arhitektūras stili (Rīga: Jumava, 2005), 68.;Rīga;Latvija;https://raw.githubusercontent.com/Vladusty/riga-classicism-buildings-dataset/main/riga_classicism_buildings_photos/riga_pils-iela-14_classicism.jpg;"<img src = 'https://raw.githubusercontent.com/Vladusty/riga-classicism-buildings-dataset/main/riga_classicism_buildings_photos/riga_pils-iela-14_classicism.jpg'  style='height: 100%; width: 100%; object-fit: contain'/>";FALSE;Personal archive;Vladislavs Babaņins;Creative Commons Attribution 4.0 International (CC BY 4.0)
56.9514457;24.1025483;Pils laukums 2;Pils laukums 2, Centra rajons, Rīga, LV-1050;former Riga Lyceum ;Public buildings;Skola;Mathias Schons;;;;Mathias Schons ;1787;1787;-1787;1787;1787-01-01;;Jānis Krastiņš, Rīgas arhitektūras stili (Rīga: Jumava, 2005), 68.;Rīga;Latvija;https://raw.githubusercontent.com/Vladusty/riga-classicism-buildings-dataset/main/riga_classicism_buildings_photos/riga_pils-laukums-2_classicism.jpg;"<img src = 'https://raw.githubusercontent.com/Vladusty/riga-classicism-buildings-dataset/main/riga_classicism_buildings_photos/riga_pils-laukums-2_classicism.jpg'  style='height: 100%; width: 100%; object-fit: contain'/>";FALSE;Personal archive;Vladislavs Babaņins;Creative Commons Attribution 4.0 International (CC BY 4.0)
56.9508578;24.102503;Pils laukums 4;Pils laukums 4, Centra rajons, Rīga, LV-1050;"former ""St. Petersburg"" Hotel ";Public buildings;Hotel;Unknown;;;;Unknown;1785;1785;-1785;1785;1785-01-01;;Jānis Krastiņš, Rīgas arhitektūras stili (Rīga: Jumava, 2005), 68.;Rīga;Latvija;https://raw.githubusercontent.com/Vladusty/riga-classicism-buildings-dataset/main/riga_classicism_buildings_photos/riga_pils-laukums-4_classicism.jpg;"<img src = 'https://raw.githubusercontent.com/Vladusty/riga-classicism-buildings-dataset/main/riga_classicism_buildings_photos/riga_pils-laukums-4_classicism.jpg'  style='height: 100%; width: 100%; object-fit: contain'/>";FALSE;Personal archive;Vladislavs Babaņins;Creative Commons Attribution 4.0 International (CC BY 4.0)
56.9490546;24.1103854;Riharda Vāgnera iela 4;Riharda Vāgnera iela 4, Centra rajons, Rīga, LV-1050;Riga City Theatre (House of the Muses Society) ;Public buildings;Theatre;Christoph Haberland;;;;Christoph Haberland ;1782;1782;-1782;1782;1782-01-01;;https://vagneriga.lv/vagnera-teatris/ un https://lv.wikipedia.org/wiki/Muses_nams;Rīga;Latvija;https://raw.githubusercontent.com/Vladusty/riga-classicism-buildings-dataset/main/riga_classicism_buildings_photos/riga_riharda-vagnera-iela-4_classicism.jpg;"<img src = 'https://raw.githubusercontent.com/Vladusty/riga-classicism-buildings-dataset/main/riga_classicism_buildings_photos/riga_riharda-vagnera-iela-4_classicism.jpg'  style='height: 100%; width: 100%; object-fit: contain'/>";FALSE;Personal archive;Vladislavs Babaņins;Creative Commons Attribution 4.0 International (CC BY 4.0)
56.9478345;24.1064499;Rātslaukums 1;Rātslaukums 1, Centra rajons, Rīga, LV-1050;Riga Town Hall ;Public buildings;Town Hall ;Johann von Ettinger ;;;;Johann von Ettinger ;1765;1954;-1765;1765–1954/2001;1765-01-01;Riga Town Hall /Johann von Ettinger/ (1765–1954) – the original building was demolished. A high mansard roof was added in 1793. The mansard roof was replaced by a full third floor by Johann Daniel Felsko in 1848. The building burned down during World War II and was demolished in 1954. A Riga Technical University laboratory building was constructed on the site in 1964, which was later demolished to make space for the new Town Hall, completed in 2001.;Jānis Krastiņš, Rīgas arhitektūras stili (Rīga: Jumava, 2005), 65.;Rīga;Latvija;https://raw.githubusercontent.com/Vladusty/riga-classicism-buildings-dataset/main/riga_classicism_buildings_photos/riga_ratslaukums-1_classicism.jpg;"<img src = 'https://raw.githubusercontent.com/Vladusty/riga-classicism-buildings-dataset/main/riga_classicism_buildings_photos/riga_ratslaukums-1_classicism.jpg'  style='height: 100%; width: 100%; object-fit: contain'/>";FALSE;Personal archive;Vladislavs Babaņins;Creative Commons Attribution 4.0 International (CC BY 4.0)
56.9515653;24.1033184;Torņa iela 1;Torņa iela 1, Centra rajons, Rīga, LV-1050;Riga Arsenal;Public buildings;Arsenal;Johann Eduard de Witte;Giovanni (Ivan) Francevich Lucchini;Alexander Nellinger;Julius Adolf Spatzier;Johann Eduard de Witte (originally), Giovanni (Ivan) Francevich Lucchini, Alexander Nellinger, Julius Adolf Spatzier;1832;1832;-1832;1832;1832-01-01;Since 1987, the building has been converted into an art museum. It also houses the Goethe-Institut Riga.;Jānis Krastiņš, Rīgas arhitektūras stili (Rīga: Jumava, 2005), 76.;Rīga;Latvija;https://raw.githubusercontent.com/Vladusty/riga-classicism-buildings-dataset/main/riga_classicism_buildings_photos/riga_torna-iela-1_classicism.jpg;"<img src = 'https://raw.githubusercontent.com/Vladusty/riga-classicism-buildings-dataset/main/riga_classicism_buildings_photos/riga_torna-iela-1_classicism.jpg'  style='height: 100%; width: 100%; object-fit: contain'/>";FALSE;Personal archive;Vladislavs Babaņins;Creative Commons Attribution 4.0 International (CC BY 4.0)
56.9260467;24.089604;Vienības gatve 27;Vienības gat. 27, Zemgales priekšpilsēta, Rīga, LV-1004;Blok manor ;Manor houses;Manor;Unknown;;;;Unknown;1843;1843;-1843;1843;1843-01-01;;Jānis Krastiņš, Rīgas arhitektūras stili (Rīga: Jumava, 2005), 72.;Rīga;Latvija;https://raw.githubusercontent.com/Vladusty/riga-classicism-buildings-dataset/main/riga_classicism_buildings_photos/riga_vienibas-gatve-27_classicism.jpg;"<img src = 'https://raw.githubusercontent.com/Vladusty/riga-classicism-buildings-dataset/main/riga_classicism_buildings_photos/riga_vienibas-gatve-27_classicism.jpg'  style='height: 100%; width: 100%; object-fit: contain'/>";FALSE;Personal archive;Vladislavs Babaņins;Creative Commons Attribution 4.0 International (CC BY 4.0)
